{"KQpfjM+2J0vHNAXmL6NSWQ==":"mbr-600x400.jpg","dRbW0nAXiwoMbxRXCpldhA==":"mbr-1-600x400.jpg","gwy2idFEoiQzWPxB6E1KxA==":"connect-1920x1080.jpg","NVUXZPUFk3AI5EH6LhwQyw==":"699188-228x128.jpeg","ntIcTReg4O/fCtXfaQwGhA==":"apart%20kelas%20bawah1-600x400.jpg","L4Ba48iWjuFXLolm0UlwyA==":"apartemen-termahal-di-jakarta-2-600x400.jpg","xvImK9LijhjU07gTJuC7ew==":"vip%20apartemen-2000x1333.jpg","S1nGn04BslTGzIH56L7cuA==":"galleria-foret-5-600x400.jpg","LrSWyzF53SpM5SgIdkK18A==":"vip%20apartemen%202-1280x800.jpg","qPcPzltsgHZOv/5b8qtcHQ==":"fasilitas-olahraga-di-apartemen-800x450.jpg","2+fMqsmgYUZ8efFe7stbYA==":"kolam-625x417.jpg","JJTpSNtqnhFQ2MGZMsgCQg==":"6_barsa-fasilitas-gym-1200x700.jpg","udJur0BIFQAC9+T4RwKGeg==":"apartemen-termahal-di-jakarta-2-800x533.jpg","ZVew6yIRo935cIrhnHMEVw==":"apart%20mewah-1440x960.jpg","r3+GlrYVbzIWV7uYe8HP9A==":"56280838-1024x683.jpg","a2kiPHBARng2PXUWjGcQKg==":"vip%20apartemen%203-2000x1333.jpg","PFijMadUhrXxWzkOTDWbgw==":"apartemen-termahal-di-jakarta-549x369.jpg","l2lNDg2kNGJf1bABSAtqLQ==":"mewaaaah-1200x886.jpg","/vtfeva+1mqndI3QhwVOfQ==":"contoh-desain-kamar-mandi-mewah.jpg.webp","bErELteBGlkWvU4OCNWP2Q==":"logoapartaja-350x105.jpg","wdnWOEyAz2U5GVrjIF84Rg==":"ruang%20tamu%202-1400x933.jpg","gcLWrW3lc+nKo2ep9B6gWg==":"ruangtamu4-600x400.jpg","4Xo2Q/kNcpoaPCziwPaLUA==":"ruangtamu-600x400.jpg","/0i+8PcgoZF1dBSVrc9RtQ==":"kamar%20tidur1.1-2000x1335.jpg","JuKkK5YVwIe7FI8SYW4Mkg==":"kamartidur2.2-2000x1335.jpg","CLcOiEUCrDcf286cf0kfTg==":"dapur2-2000x1335.jpg","6+9ZWIiQ2SR7ZMjtF9G/gg==":"bintaro-plaza-residence-mkpl-overall-view.original-min-2000x1512.jpg","BWK0PGPenA5kJmDhSI+6SQ==":"ruang%20keluarga-2000x1333.jpg","SO5ThPpF2L0jT8cGfHd43w==":"ruangtamu1-2000x1333.jpg","krvzkmSmV+irSZZTXRJw8g==":"ruangtamu2-2000x1333.jpg","Lj/W3EVk/wEUO5R0wpNgKg==":"dapur1-2000x1333.jpg","bQ+lWVZKEHwd+/WWCWqxCg==":"dapur2-2000x1333.jpg","aLgVGUx1H9xbtX51eUO51Q==":"ruang%20tamu%202-2000x1333.jpg","gUOGK/aCpzNGduQPSrnG4w==":"ruang%20tamu-2000x1333.jpg","+t278E8DD1rrRillXI0VnQ==":"gambar%20kamar%20apartemen-2000x1333.jpg","DeqWTqoxZKito7mi8qjMqw==":"gambar%20kamar%20apartemen-2000x1333.jpeg","KAF6oKrz/+j6pw/qzs+WzA==":"gambar%20kamar%20apartemen-2000x1333.jpeg","ldrglU09W60yDE7K3/CFtA==":"gambar%20kamar%20apartemen-2000x1333.jpeg","XdrjIVTfvCTNshAts4WNFQ==":"dapur%203-2000x1333.jpg","mzou/5glC+XVsjANmvnDww==":"dapur%202-2000x1333.jpg","ZKgm8vOAJFP4XM7KDoAjIg==":"kamar%20mandi%20apartemen-2000x1333.jpg","rWHITQrKxpOh7hJGm/Ekfg==":"ruang%20tamu%203-2000x1333.jpg","G5e1w97lmVpM3+YrtyZRYg==":"kamar%20mandi%20aparteen-2000x1333.jpg","EFuC369wzcPXuLCI/dlK+g==":"ruang%20belajar-2000x1335.jpg","qTXLE0fXAilrmX1wkyS5QA==":"ruangtamu-2000x1333.jpg","Su+adrGw2YX18aNfvoS4cQ==":"kamr%20tidur-2000x1333.jpg","Gt8z22eMny4KgPgAJ25U5A==":"pintu%20masuk-2000x1335.jpg","HAphXG0yPz0z1peGrRyE3w==":"kamr%20tidur2-2000x1333.jpg","Wkp6ooiCrQG34V5DzVTEJQ==":"dapur%201-2000x1333.jpg","7rXgP8QXsdUiqrLHuHrK9Q==":"kamar%20mandi2-2000x1333.jpg","t2zabo4F77JQAoySpIGAuA==":"kamar%20mandi1-2000x1333.jpg","urYMsXmIuOk34PSdmVjNSQ==":"ruangtamu1-1400x933.jpg","qYZqym2pwprOQlRzn0XN6g==":"ruangtamu3-2000x1333.jpg","wKv+jDigTYSyEfV/I6BUZg==":"kamartidur1-2000x1333.jpg","dngxYKrbOCRtvLKN2IIcpQ==":"kamrtidur%202-2000x1333.jpg","mWStrEFJFBlObwjcteHzfQ==":"kamr%20mandi-2000x1333.jpg"}